storm,id,hour,recorded_deaths,recorded_in_buildings,simulator_expected,simulator_low_p05,simulator_high_p95,simulator_uncalibrated,national_model
"Texas 2024, EF3",bt_2024_1182278,21,7,7,6.25,3.0,10.0,7.26,0.95
"Texas 2023, EF3",bt_2023_1098430,19,4,1,0.01,0.0,0.0,0.0,0.09
"Indiana 2023, EF3",bt_2023_1089561,22,3,3,0.01,0.0,0.0,0.0,0.83
"Mississippi 2025, EF4",bt_2025_1259922,13,3,3,0.47,0.0,2.0,0.43,3.59
"North Dakota 2025, EF5",bt_2025_1278899,23,3,3,0.33,0.0,1.0,0.24,4.3
"Tennessee 2023, EF2",bt_2023_1144554,16,3,3,0.08,0.0,1.0,0.06,0.29
"Michigan 2022, EF3",bt_2022_1031439,15,2,2,0.09,0.0,1.0,0.09,0.23
"Missouri 2021, EF4",bt_2021_997129,19,2,1,0.07,0.0,1.0,0.06,3.83
"Louisiana 2018, EF1",bt_2018_743585,0,1,1,0.11,0.0,1.0,0.08,0.06
"Texas 2020, EF1",bt_2020_866540,23,1,1,0.0,0.0,0.0,0.0,0.02
"Illinois 2023, EF1",bt_2023_1085827,19,1,1,0.0,0.0,0.0,0.0,0.04
"Kentucky 2018, EF2",bt_2018_735022,15,1,1,0.0,0.0,0.0,0.0,0.09
"Kentucky 2021, EF3",bt_2021_997247,3,1,1,0.01,0.0,0.0,0.01,0.66
"Iowa 2022, EF3",bt_2022_1007112,17,1,0,0.0,0.0,0.0,0.0,0.2
"Oklahoma 2024, EF4",bt_2024_1175811,23,1,0,2.31,0.0,5.0,2.24,3.86
"Virginia 2020, EF1",bt_2020_913544,2,0,0,0.0,0.0,0.0,0.0,0.01
"Pennsylvania 2021, EF1",bt_2021_979869,8,0,0,0.0,0.0,0.0,0.0,0.01
"Indiana 2025, EF1",bt_2025_1248890,21,0,0,0.01,0.0,0.0,0.0,0.01
"Tennessee 2022, EF1",bt_2022_1013976,18,0,0,0.01,0.0,0.0,0.01,0.01
"Georgia 2017, EF2",bt_2017_673031,14,0,0,0.0,0.0,0.0,0.0,0.17
"Louisiana 2023, EF1",bt_2023_1148139,19,0,0,0.0,0.0,0.0,0.0,0.02
"Iowa 2021, EF2",bt_2021_993605,16,0,0,0.0,0.0,0.0,0.0,0.07
"Tennessee 2023, EF2",bt_2023_1089134,17,0,0,0.04,0.0,0.0,0.04,0.15
"Missouri 2021, EF3",bt_2021_988873,20,0,0,0.0,0.0,0.0,0.0,0.41
"Illinois 2024, EF1",bt_2024_1182948,12,0,0,0.0,0.0,0.0,0.0,0.01
"North Carolina 2019, EF1",bt_2019_820413,18,0,0,0.0,0.0,0.0,0.0,0.03
"Mississippi 2018, EF2",bt_2018_745825,10,0,0,0.16,0.0,1.0,0.13,0.13
"Indiana 2025, EF2",bt_2025_1242130,2,0,0,0.02,0.0,0.0,0.01,0.29
"Louisiana 2023, EF2",bt_2023_1077195,17,0,0,0.02,0.0,0.0,0.02,0.22
"Missouri 2025, EF2",bt_2025_1242834,13,0,0,0.0,0.0,0.0,0.0,0.03
