year,tornado,flash_flood,all_storm_types
1996,26,93,519
1997,68,85,578
1998,130,115,672
1999,94,60,897
2000,41,30,472
2001,40,34,448
2002,55,35,490
2003,54,61,424
2004,35,54,334
2005,38,25,1441
2006,67,59,596
2007,81,71,512
2008,128,54,556
2009,21,33,332
2010,45,63,478
2011,553,60,1076
2012,69,14,525
2013,55,60,432
2014,47,32,361
2015,36,142,493
2016,18,86,444
2017,35,102,460
2018,10,54,724
2019,42,42,526
2020,76,37,733
2021,103,134,930
2022,23,70,824
2023,86,37,1030
2024,51,111,743
2025,64,202,604
