hour,tornado_deaths,tornado_deaths_per_100_storms,flash_flood_deaths,flash_flood_deaths_per_100_storms
0,93,9.667,95,2.953
1,83,10.453,82,2.525
2,22,3.704,41,1.445
3,79,14.032,77,3.013
4,19,3.592,175,6.596
5,24,4.436,81,2.988
6,42,8.14,52,1.698
7,1,0.201,44,1.341
8,9,1.782,50,1.329
9,5,0.967,51,1.316
10,11,1.794,71,1.928
11,18,2.209,56,1.624
12,35,3.147,27,0.793
13,33,2.093,71,1.909
14,80,3.306,69,1.442
15,230,7.066,94,1.572
16,234,5.556,86,1.225
17,301,6.258,114,1.481
18,170,3.512,76,1.005
19,226,5.022,110,1.474
20,146,4.054,101,1.476
21,103,4.541,140,2.262
22,117,7.563,163,3.228
23,110,9.466,129,3.215
